Rank,Metro ,States,Population 2019,Population 2010,Growth ,,,,
1,New York City-Newark-Jersey City,NY-NJ-PA MSA,19216182,18897109,1.69%,,"19,216,182","18,897,109","New York City-Newark-Jersey City, NY-NJ-PA MSA"
2,Los Angeles-Long Beach-Anaheim,CA MSA,13214799,12828837,3.01%,,"13,214,799","12,828,837","Los Angeles-Long Beach-Anaheim, CA MSA"
3,Chicago-Naperville-Elgin,IL-IN-WI MSA,9458539,9461105,−0.03%,,"9,458,539","9,461,105","Chicago-Naperville-Elgin, IL-IN-WI MSA"
4,Dallas-Fort Worth-Arlington,TX MSA,7573136,6366542,18.95%,,"7,573,136","6,366,542","Dallas-Fort Worth-Arlington, TX MSA"
5,Houston-The Woodlands-Sugar Land,TX MSA,7066141,5920416,19.35%,,"7,066,141","5,920,416","Houston-The Woodlands-Sugar Land, TX MSA"
6,Washington-Arlington-Alexandria,DC-VA-MD-WV MSA,6280487,5649540,11.17%,,"6,280,487","5,649,540","Washington-Arlington-Alexandria, DC-VA-MD-WV MSA"
7,Miami-Fort Lauderdale-West Palm Beach,FL MSA,6166488,5564635,10.82%,,"6,166,488","5,564,635","Miami-Fort Lauderdale-West Palm Beach, FL MSA"
8,Philadelphia-Camden-Wilmington,PA-NJ-DE-MD MSA,6102434,5965343,2.30%,,"6,102,434","5,965,343","Philadelphia-Camden-Wilmington, PA-NJ-DE-MD MSA"
9,Atlanta-Sandy Springs-Alpharetta,GA MSA,6020364,5286728,13.88%,,"6,020,364","5,286,728","Atlanta-Sandy Springs-Alpharetta, GA MSA"
10,Phoenix-Mesa-Chandler,AZ MSA,4948203,4192887,18.01%,,"4,948,203","4,192,887","Phoenix-Mesa-Chandler, AZ MSA"
11,Boston-Cambridge-Newton,MA-NH MSA,4873019,4552402,7.04%,,"4,873,019","4,552,402","Boston-Cambridge-Newton, MA-NH MSA"
12,San Francisco-Oakland-Berkeley,CA MSA,4731803,4335391,9.14%,,"4,731,803","4,335,391","San Francisco-Oakland-Berkeley, CA MSA"
13,Riverside-San Bernardino-Ontario,CA MSA,4650631,4224851,10.08%,,"4,650,631","4,224,851","Riverside-San Bernardino-Ontario, CA MSA"
14,Detroit–Warren–Dearborn,MI MSA,4319629,4296250,0.54%,,"4,319,629","4,296,250","Detroit–Warren–Dearborn, MI MSA"
15,Seattle-Tacoma-Bellevue,WA MSA,3979845,3439809,15.70%,,"3,979,845","3,439,809","Seattle-Tacoma-Bellevue, WA MSA"
16,Minneapolis-St. Paul-Bloomington,MN-WI MSA,3654908,3346859,9.20%,,"3,654,908","3,346,859","Minneapolis-St. Paul-Bloomington, MN-WI MSA"
17,San Diego-Chula Vista-Carlsbad,CA MSA,3338330,3095313,7.85%,,"3,338,330","3,095,313","San Diego-Chula Vista-Carlsbad, CA MSA"
18,Tampa-St. Petersburg-Clearwater,FL MSA,3194831,2783243,14.79%,,"3,194,831","2,783,243","Tampa-St. Petersburg-Clearwater, FL MSA"
19,Denver-Aurora-Lakewood,CO MSA,2967239,2543482,16.66%,,"2,967,239","2,543,482","Denver-Aurora-Lakewood, CO MSA"
20,St. Louis,MO-IL MSA,2803228,2787701,0.56%,,"2,803,228","2,787,701","St. Louis, MO-IL MSA"
21,Baltimore-Columbia-Towson,MD MSA,2800053,2710489,3.30%,,"2,800,053","2,710,489","Baltimore-Columbia-Towson, MD MSA"
22,Charlotte-Concord-Gastonia,NC-SC MSA,2636883,2243960,17.51%,,"2,636,883","2,243,960","Charlotte-Concord-Gastonia, NC-SC MSA"
23,Orlando-Kissimmee-Sanford,FL MSA,2608147,2134411,22.20%,,"2,608,147","2,134,411","Orlando-Kissimmee-Sanford, FL MSA"
24,San Antonio-New Braunfels,TX MSA,2550960,2142508,19.06%,,"2,550,960","2,142,508","San Antonio-New Braunfels, TX MSA"
25,Portland-Vancouver-Hillsboro,OR-WA MSA,2492412,2226009,11.97%,,"2,492,412","2,226,009","Portland-Vancouver-Hillsboro, OR-WA MSA"
26,Sacramento-Roseville-Folsom,CA MSA,2363730,2149127,9.99%,,"2,363,730","2,149,127","Sacramento-Roseville-Folsom, CA MSA"
27,Pittsburgh,PA MSA,2317600,2356285,−1.64%,,"2,317,600","2,356,285","Pittsburgh, PA MSA"
28,Las Vegas-Henderson-Paradise,NV MSA,2266715,1951269,16.17%,,"2,266,715","1,951,269","Las Vegas-Henderson-Paradise, NV MSA"
29,Austin-Round Rock-Georgetown,TX MSA,2227083,1716289,29.76%,,"2,227,083","1,716,289","Austin-Round Rock-Georgetown, TX MSA"
30,Cincinnati,OH-KY-IN MSA,2221208,2137667,3.91%,,"2,221,208","2,137,667","Cincinnati, OH-KY-IN MSA"
31,Kansas City,MO-KS MSA,2157990,2009342,7.40%,,"2,157,990","2,009,342","Kansas City, MO-KS MSA"
32,Columbus,OH MSA,2122271,1901974,11.58%,,"2,122,271","1,901,974","Columbus, OH MSA"
33,Indianapolis-Carmel-Anderson,IN MSA,2074537,1887877,9.89%,,"2,074,537","1,887,877","Indianapolis-Carmel-Anderson, IN MSA"
34,Cleveland-Elyria,OH MSA,2048449,2077240,−1.39%,,"2,048,449","2,077,240","Cleveland-Elyria, OH MSA"
35,San Jose-Sunnyvale-Santa Clara,CA MSA,1990660,1836911,8.37%,,"1,990,660","1,836,911","San Jose-Sunnyvale-Santa Clara, CA MSA"
36,Nashville-Davidson–Murfreesboro–Franklin,TN MSA,1934317,1646200,17.50%,,"1,934,317","1,646,200","Nashville-Davidson–Murfreesboro–Franklin, TN MSA"
37,Virginia Beach-Norfolk-Newport News,VA-NC MSA,1768901,1713954,3.21%,,"1,768,901","1,713,954","Virginia Beach-Norfolk-Newport News, VA-NC MSA"
38,Providence-Warwick,RI-MA MSA,1624578,1600852,1.48%,,"1,624,578","1,600,852","Providence-Warwick, RI-MA MSA"
39,Milwaukee-Waukesha,WI MSA,1575179,1555908,1.24%,,"1,575,179","1,555,908","Milwaukee-Waukesha, WI MSA"
40,Jacksonville,FL MSA,1559514,1345596,15.90%,,"1,559,514","1,345,596","Jacksonville, FL MSA"
41,Oklahoma City,OK MSA,1408950,1252987,12.45%,,"1,408,950","1,252,987","Oklahoma City, OK MSA"
42,Raleigh-Cary,NC MSA,1390785,1130490,23.02%,,"1,390,785","1,130,490","Raleigh-Cary, NC MSA"
43,Memphis,TN-MS-AR MSA,1346045,1316100,2.28%,,"1,346,045","1,316,100","Memphis, TN-MS-AR MSA"
44,Richmond,VA MSA,1291900,1186501,8.88%,,"1,291,900","1,186,501","Richmond, VA MSA"
45,New Orleans-Metairie,LA MSA,1270530,1189866,6.78%,,"1,270,530","1,189,866","New Orleans-Metairie, LA MSA"
46,Louisville/Jefferson County,KY-IN MSA,1265108,1202718,5.19%,,"1,265,108","1,202,718","Louisville/Jefferson County, KY-IN MSA"
47,Salt Lake City,UT MSA,1232696,1087873,13.31%,,"1,232,696","1,087,873","Salt Lake City, UT MSA"
48,Hartford-East Hartford-Middletown,CT MSA,1204877,1212381,−0.62%,,"1,204,877","1,212,381","Hartford-East Hartford-Middletown, CT MSA"
49,Buffalo-Niagara Falls,NY MSA,1127983,1135509,−0.66%,,"1,127,983","1,135,509","Buffalo-Niagara Falls, NY MSA"
50,Birmingham-Hoover,AL MSA,1090435,1061024,2.77%,,"1,090,435","1,061,024","Birmingham-Hoover, AL MSA"
51,Grand Rapids-Kentwood,MI MSA,1077370,993670,8.42%,,"1,077,370","993,670","Grand Rapids-Kentwood, MI MSA"
52,Rochester,NY MSA,1069644,1079671,−0.93%,,"1,069,644","1,079,671","Rochester, NY MSA"
53,Tucson,AZ MSA,1047279,980263,6.84%,,"1,047,279","980,263","Tucson, AZ MSA"
54,Fresno,CA MSA,999101,930450,7.38%,,"999,101","930,450","Fresno, CA MSA"
55,Tulsa,OK MSA,998626,937478,6.52%,,"998,626","937,478","Tulsa, OK MSA"
56,Urban Honolulu,HI MSA,974563,953207,2.24%,,"974,563","953,207","Urban Honolulu, HI MSA"
57,Omaha-Council Bluffs,NE-IA MSA,949442,865350,9.72%,,"949,442","865,350","Omaha-Council Bluffs, NE-IA MSA"
58,Worcester,MA-CT MSA,947404,916980,3.32%,,"947,404","916,980","Worcester, MA-CT MSA"
59,Bridgeport-Stamford-Norwalk,CT MSA,943332,916829,2.89%,,"943,332","916,829","Bridgeport-Stamford-Norwalk, CT MSA"
60,Greenville-Anderson,SC MSA,920477,824112,11.69%,,"920,477","824,112","Greenville-Anderson, SC MSA"
61,Albuquerque,NM MSA,918018,887077,3.49%,,"918,018","887,077","Albuquerque, NM MSA"
62,Bakersfield,CA MSA,900202,839631,7.21%,,"900,202","839,631","Bakersfield, CA MSA"
63,Albany-Schenectady-Troy,NY MSA,880381,870716,1.11%,,"880,381","870,716","Albany-Schenectady-Troy, NY MSA"
64,Knoxville,TN MSA,869046,814914,6.64%,,"869,046","814,914","Knoxville, TN MSA"
65,McAllen-Edinburg-Mission,TX MSA,868707,774769,12.12%,,"868,707","774,769","McAllen-Edinburg-Mission, TX MSA"
66,Baton Rouge,LA MSA,854884,825905,3.51%,,"854,884","825,905","Baton Rouge, LA MSA"
67,New Haven-Milford,CT MSA,854757,862477,−0.90%,,"854,757","862,477","New Haven-Milford, CT MSA"
68,Oxnard-Thousand Oaks-Ventura,CA MSA,846006,823318,2.76%,,"846,006","823,318","Oxnard-Thousand Oaks-Ventura, CA MSA"
69,El Paso,TX MSA,844124,804123,4.97%,,"844,124","804,123","El Paso, TX MSA"
70,Allentown-Bethlehem-Easton,PA-NJ MSA,844052,821173,2.79%,,"844,052","821,173","Allentown-Bethlehem-Easton, PA-NJ MSA"
71,Columbia,SC MSA,838433,767598,9.23%,,"838,433","767,598","Columbia, SC MSA"
72,North Port-Sarasota-Bradenton,FL MSA,836995,702281,19.18%,,"836,995","702,281","North Port-Sarasota-Bradenton, FL MSA"
73,Dayton-Kettering,OH MSA,807611,799232,1.05%,,"807,611","799,232","Dayton-Kettering, OH MSA"
74,Charleston-North Charleston,SC MSA,802122,664607,20.69%,,"802,122","664,607","Charleston-North Charleston, SC MSA"
75,Greensboro-High Point,NC MSA,771851,723801,6.64%,,"771,851","723,801","Greensboro-High Point, NC MSA"
76,Cape Coral-Fort Myers,FL MSA,770577,618754,24.54%,,"770,577","618,754","Cape Coral-Fort Myers, FL MSA"
77,Stockton,CA MSA,762148,685306,11.21%,,"762,148","685,306","Stockton, CA MSA"
78,Boise City,ID MSA,749202,616561,21.51%,,"749,202","616,561","Boise City, ID MSA"
79,Colorado Springs,CO MSA,745791,645613,15.52%,,"745,791","645,613","Colorado Springs, CO MSA"
80,Little Rock-North Little Rock-Conway,AR MSA,742384,699757,6.09%,,"742,384","699,757","Little Rock-North Little Rock-Conway, AR MSA"
81,Lakeland-Winter Haven,FL MSA,724777,602095,20.38%,,"724,777","602,095","Lakeland-Winter Haven, FL MSA"
82,Akron,OH MSA,703479,703200,0.04%,,"703,479","703,200","Akron, OH MSA"
83,Des Moines-West Des Moines,IA MSA,699292,606475,15.30%,,"699,292","606,475","Des Moines-West Des Moines, IA MSA"
84,Springfield,MA MSA,697382,692942,0.64%,,"697,382","692,942","Springfield, MA MSA"
85,Ogden-Clearfield,UT MSA,683864,597159,14.52%,,"683,864","597,159","Ogden-Clearfield, UT MSA"
86,Poughkeepsie-Newburgh-Middletown,NY MSA,679158,670301,1.32%,,"679,158","670,301","Poughkeepsie-Newburgh-Middletown, NY MSA"
87,Winston-Salem,NC MSA,676008,640595,5.53%,,"676,008","640,595","Winston-Salem, NC MSA"
88,Deltona-Daytona Beach-Ormond Beach,FL MSA,668365,590289,13.23%,,"668,365","590,289","Deltona-Daytona Beach-Ormond Beach, FL MSA"
89,Madison,WI MSA,664865,605435,9.82%,,"664,865","605,435","Madison, WI MSA"
90,Syracuse,NY MSA,648593,662577,−2.11%,,"648,593","662,577","Syracuse, NY MSA"
91,Provo-Orem,UT MSA,648252,526810,23.05%,,"648,252","526,810","Provo-Orem, UT MSA"
92,Durham-Chapel Hill,NC MSA,644367,564273,14.19%,,"644,367","564,273","Durham-Chapel Hill, NC MSA"
93,Toledo,OH MSA,641816,651429,−1.48%,,"641,816","651,429","Toledo, OH MSA"
94,Wichita,KS MSA,640218,623061,2.75%,,"640,218","623,061","Wichita, KS MSA"
95,Augusta-Richmond County,GA-SC MSA,608980,564873,7.81%,,"608,980","564,873","Augusta-Richmond County, GA-SC MSA"
96,Palm Bay-Melbourne-Titusville,FL MSA,601942,543376,10.78%,,"601,942","543,376","Palm Bay-Melbourne-Titusville, FL MSA"
97,Jackson,MS MSA,594806,586320,1.45%,,"594,806","586,320","Jackson, MS MSA"
98,Harrisburg-Carlisle,PA MSA,577941,549475,5.18%,,"577,941","549,475","Harrisburg-Carlisle, PA MSA"
99,Spokane-Spokane Valley,WA MSA,568521,514752,10.45%,,"568,521","514,752","Spokane-Spokane Valley, WA MSA"
100,Chattanooga,TN-GA MSA,565194,528143,7.02%,,"565,194","528,143","Chattanooga, TN-GA MSA"
101,Scranton–Wilkes-Barre,PA MSA,553885,563631,−1.73%,,"553,885","563,631","Scranton–Wilkes-Barre, PA MSA"
102,Modesto,CA MSA,550660,514453,7.04%,,"550,660","514,453","Modesto, CA MSA"
103,Lansing-East Lansing,MI MSA,550391,534684,2.94%,,"550,391","534,684","Lansing-East Lansing, MI MSA"
104,Lancaster,PA MSA,545724,519445,5.06%,,"545,724","519,445","Lancaster, PA MSA"
105,Portland-South Portland,ME MSA,538500,514098,4.75%,,"538,500","514,098","Portland-South Portland, ME MSA"
106,Youngstown-Warren-Boardman,OH-PA MSA,536081,565773,−5.25%,,"536,081","565,773","Youngstown-Warren-Boardman, OH-PA MSA"
107,Fayetteville-Springdale-Rogers,AR MSA,534904,440121,21.54%,,"534,904","440,121","Fayetteville-Springdale-Rogers, AR MSA"
108,Fayetteville,NC MSA,526719,481061,9.49%,,"526,719","481,061","Fayetteville, NC MSA"
109,Lexington-Fayette,KY MSA,517056,472099,9.52%,,"517,056","472,099","Lexington-Fayette, KY MSA"
110,Pensacola-Ferry Pass-Brent,FL MSA,502629,448991,11.95%,,"502,629","448,991","Pensacola-Ferry Pass-Brent, FL MSA"
111,Myrtle Beach-Conway-North Myrtle Beach,SC-NC MSA,496901,376722,31.90%,,"496,901","376,722","Myrtle Beach-Conway-North Myrtle Beach, SC-NC MSA"
112,Santa Rosa-Petaluma,CA MSA,494336,483878,2.16%,,"494,336","483,878","Santa Rosa-Petaluma, CA MSA"
113,Port St. Lucie,FL MSA,489297,424107,15.37%,,"489,297","424,107","Port St. Lucie, FL MSA"
114,Lafayette,LA MSA,489207,466750,4.81%,,"489,207","466,750","Lafayette, LA MSA"
115,Reno,NV MSA,475642,425417,11.81%,,"475,642","425,417","Reno, NV MSA"
116,Huntsville,AL MSA,471824,417593,12.99%,,"471,824","417,593","Huntsville, AL MSA"
117,Springfield,MO MSA,470300,436712,7.69%,,"470,300","436,712","Springfield, MO MSA"
118,Visalia,CA MSA,466195,442179,5.43%,,"466,195","442,179","Visalia, CA MSA"
119,Asheville,NC MSA,462680,424858,8.90%,,"462,680","424,858","Asheville, NC MSA"
120,Killeen-Temple,TX MSA,460303,405300,13.57%,,"460,303","405,300","Killeen-Temple, TX MSA"
121,York-Hanover,PA MSA,449058,434972,3.24%,,"449,058","434,972","York-Hanover, PA MSA"
122,Vallejo,CA MSA,447643,413344,8.30%,,"447,643","413,344","Vallejo, CA MSA"
123,Santa Maria-Santa Barbara,CA MSA,446499,423895,5.33%,,"446,499","423,895","Santa Maria-Santa Barbara, CA MSA"
124,Salinas,CA MSA,434061,415057,4.58%,,"434,061","415,057","Salinas, CA MSA"
125,Salem,OR MSA,433903,390738,11.05%,,"433,903","390,738","Salem, OR MSA"
126,Mobile,AL MSA,429536,430573,−0.24%,,"429,536","430,573","Mobile, AL MSA"
127,Corpus Christi,TX MSA,429024,405027,5.92%,,"429,024","405,027","Corpus Christi, TX MSA"
128,Brownsville-Harlingen,TX MSA,423163,406220,4.17%,,"423,163","406,220","Brownsville-Harlingen, TX MSA"
129,Reading,PA MSA,421164,411442,2.36%,,"421,164","411,442","Reading, PA MSA"
130,Gulfport-Biloxi,MS MSA,417665,388488,7.51%,,"417,665","388,488","Gulfport-Biloxi, MS MSA"
131,Manchester-Nashua,NH MSA,417025,400721,4.07%,,"417,025","400,721","Manchester-Nashua, NH MSA"
132,Salisbury,MD-DE MSA,415726,373802,11.22%,,"415,726","373,802","Salisbury, MD-DE MSA"
133,Fort Wayne,IN MSA,413263,388621,6.34%,,"413,263","388,621","Fort Wayne, IN MSA"
134,Flint,MI MSA,405813,425790,−4.69%,,"405,813","425,790","Flint, MI MSA"
135,Peoria,IL MSA,400561,416255,−3.77%,,"400,561","416,255","Peoria, IL MSA"
136,Canton-Massillon,OH MSA,397520,404422,−1.71%,,"397,520","404,422","Canton-Massillon, OH MSA"
137,Anchorage,AK MSA,396317,380821,4.07%,,"396,317","380,821","Anchorage, AK MSA"
138,Shreveport-Bossier City,LA MSA,394706,398604,−0.98%,,"394,706","398,604","Shreveport-Bossier City, LA MSA"
139,Savannah,GA MSA,393353,347611,13.16%,,"393,353","347,611","Savannah, GA MSA"
140,Beaumont-Port Arthur,TX MSA,392563,388745,0.98%,,"392,563","388,745","Beaumont-Port Arthur, TX MSA"
141,Tallahassee,FL MSA,387227,367413,5.39%,,"387,227","367,413","Tallahassee, FL MSA"
142,Naples-Marco Island,FL MSA,384902,321520,19.71%,,"384,902","321,520","Naples-Marco Island, FL MSA"
143,Eugene-Springfield,OR MSA,382067,351715,8.63%,,"382,067","351,715","Eugene-Springfield, OR MSA"
144,Davenport-Moline-Rock Island,IA-IL MSA,379172,379690,−0.14%,,"379,172","379,690","Davenport-Moline-Rock Island, IA-IL MSA"
145,Montgomery,AL MSA,373290,374536,−0.33%,,"373,290","374,536","Montgomery, AL MSA"
146,Hickory-Lenoir-Morganton,NC MSA,369711,365497,1.15%,,"369,711","365,497","Hickory-Lenoir-Morganton, NC MSA"
147,Ann Arbor,MI MSA,367601,344791,6.62%,,"367,601","344,791","Ann Arbor, MI MSA"
148,Trenton-Princeton,NJ MSA,367430,366513,0.25%,,"367,430","366,513","Trenton-Princeton, NJ MSA"
149,Ocala,FL MSA,365579,331298,10.35%,,"365,579","331,298","Ocala, FL MSA"
150,Fort Collins,CO MSA,356899,299630,19.11%,,"356,899","299,630","Fort Collins, CO MSA"
151,Huntington-Ashland,WV-KY-OH MSA,355873,370908,−4.05%,,"355,873","370,908","Huntington-Ashland, WV-KY-OH MSA"
152,Lincoln,NE MSA,336374,302157,11.32%,,"336,374","302,157","Lincoln, NE MSA"
153,Rockford,IL MSA,336116,349431,−3.81%,,"336,116","349,431","Rockford, IL MSA"
154,Gainesville,FL MSA,329128,305076,7.88%,,"329,128","305,076","Gainesville, FL MSA"
155,Boulder,CO MSA,326196,294567,10.74%,,"326,196","294,567","Boulder, CO MSA"
156,Greeley,CO MSA,324492,252825,28.35%,,"324,492","252,825","Greeley, CO MSA"
157,South Bend-Mishawaka,IN-MI MSA,323613,319224,1.37%,,"323,613","319,224","South Bend-Mishawaka, IN-MI MSA"
158,Green Bay,WI MSA,322906,306241,5.44%,,"322,906","306,241","Green Bay, WI MSA"
159,Lubbock,TX MSA,322257,290805,10.82%,,"322,257","290,805","Lubbock, TX MSA"
160,Columbus,GA-AL MSA,321048,307788,4.31%,,"321,048","307,788","Columbus, GA-AL MSA"
161,Spartanburg,SC MSA,319785,284307,12.48%,,"319,785","284,307","Spartanburg, SC MSA"
162,Evansville,IN-KY MSA,315086,311552,1.13%,,"315,086","311,552","Evansville, IN-KY MSA"
163,Roanoke,VA MSA,313222,308707,1.46%,,"313,222","308,707","Roanoke, VA MSA"
164,Clarksville,TN-KY MSA,307820,273949,12.36%,,"307,820","273,949","Clarksville, TN-KY MSA"
165,Kingsport-Bristol,TN-VA MSA,307202,309544,−0.76%,,"307,202","309,544","Kingsport-Bristol, TN-VA MSA"
166,Kennewick-Richland,WA MSA,299612,253340,18.26%,,"299,612","253,340","Kennewick-Richland, WA MSA"
167,Wilmington,NC MSA,297533,254884,16.73%,,"297,533","254,884","Wilmington, NC MSA"
168,Olympia-Lacey-Tumwater,WA MSA,290536,252264,15.17%,,"290,536","252,264","Olympia-Lacey-Tumwater, WA MSA"
169,Utica-Rome,NY MSA,289990,299397,−3.14%,,"289,990","299,397","Utica-Rome, NY MSA"
170,Duluth,MN-WI MSA,288732,290637,−0.66%,,"288,732","290,637","Duluth, MN-WI MSA"
171,Hagerstown-Martinsburg,MD-WV MSA,288104,269140,7.05%,,"288,104","269,140","Hagerstown-Martinsburg, MD-WV MSA"
172,Longview,TX MSA,286657,280000,2.38%,,"286,657","280,000","Longview, TX MSA"
173,Crestview-Fort Walton Beach-Destin,FL MSA,284809,235865,20.75%,,"284,809","235,865","Crestview-Fort Walton Beach-Destin, FL MSA"
174,San Luis Obispo-Paso Robles,CA MSA,283111,269637,5.00%,,"283,111","269,637","San Luis Obispo-Paso Robles, CA MSA"
175,Merced,CA MSA,277680,255793,8.56%,,"277,680","255,793","Merced, CA MSA"
176,Laredo,TX MSA,276652,250304,10.53%,,"276,652","250,304","Laredo, TX MSA"
177,Waco,TX MSA,273920,252772,8.37%,,"273,920","252,772","Waco, TX MSA"
178,Santa Cruz-Watsonville,CA MSA,273213,262382,4.13%,,"273,213","262,382","Santa Cruz-Watsonville, CA MSA"
179,Cedar Rapids,IA MSA,273032,257940,5.85%,,"273,032","257,940","Cedar Rapids, IA MSA"
180,Bremerton-Silverdale-Port Orchard,WA MSA,271473,251133,8.10%,,"271,473","251,133","Bremerton-Silverdale-Port Orchard, WA MSA"
181,Erie,PA MSA,269728,280566,−3.86%,,"269,728","280,566","Erie, PA MSA"
182,Sioux Falls,SD MSA,268232,228261,17.51%,,"268,232","228,261","Sioux Falls, SD MSA"
183,Norwich-New London,CT MSA,265206,274055,−3.23%,,"265,206","274,055","Norwich-New London, CT MSA"
184,Kalamazoo-Portage,MI MSA,265066,250331,5.89%,,"265,066","250,331","Kalamazoo-Portage, MI MSA"
185,Amarillo,TX MSA,265053,251933,5.21%,,"265,053","251,933","Amarillo, TX MSA"
186,College Station-Bryan,TX MSA,264728,228660,15.77%,,"264,728","228,660","College Station-Bryan, TX MSA"
187,Atlantic City-Hammonton,NJ MSA,263670,274549,−3.96%,,"263,670","274,549","Atlantic City-Hammonton, NJ MSA"
188,Lynchburg,VA MSA,263566,252634,4.33%,,"263,566","252,634","Lynchburg, VA MSA"
189,Charleston,WV MSA,257074,278009,−7.53%,,"257,074","278,009","Charleston, WV MSA"
190,Tuscaloosa,AL MSA,252047,239207,5.37%,,"252,047","239,207","Tuscaloosa, AL MSA"
191,Yakima,WA MSA,250873,243231,3.14%,,"250,873","243,231","Yakima, WA MSA"
192,Fort Smith,AR-OK MSA,250368,248208,0.87%,,"250,368","248,208","Fort Smith, AR-OK MSA"
193,Fargo,ND-MN MSA,246145,208777,17.90%,,"246,145","208,777","Fargo, ND-MN MSA"
194,Binghamton,NY MSA,238691,251725,−5.18%,,"238,691","251,725","Binghamton, NY MSA"
195,Appleton,WI MSA,237974,225666,5.45%,,"237,974","225,666","Appleton, WI MSA"
196,Prescott Valley-Prescott,AZ MSA,235099,211033,11.40%,,"235,099","211,033","Prescott Valley-Prescott, AZ MSA"
197,Lafayette-West Lafayette,IN MSA,233002,210297,10.80%,,"233,002","210,297","Lafayette-West Lafayette, IN MSA"
198,Tyler,TX MSA,232751,209714,10.98%,,"232,751","209,714","Tyler, TX MSA"
199,Topeka,KS MSA,231969,233870,−0.81%,,"231,969","233,870","Topeka, KS MSA"
200,Macon-Bibb County,GA MSA,229996,232293,−0.99%,,"229,996","232,293","Macon-Bibb County, GA MSA"
201,Bellingham,WA MSA,229247,201140,13.97%,,"229,247","201,140","Bellingham, WA MSA"
202,Champaign-Urbana,IL MSA,226033,217810,3.78%,,"226,033","217,810","Champaign-Urbana, IL MSA"
203,Daphne-Fairhope-Foley,AL MSA,223234,182265,22.48%,,"223,234","182,265","Daphne-Fairhope-Foley, AL MSA"
204,Hilton Head Island-Bluffton-Beaufort,SC MSA,222195,187010,18.81%,,"222,195","187,010","Hilton Head Island-Bluffton-Beaufort, SC MSA"
205,Rochester,MN MSA,221921,206877,7.27%,,"221,921","206,877","Rochester, MN MSA"
206,Medford,OR MSA,220944,203206,8.73%,,"220,944","203,206","Medford, OR MSA"
207,Burlington-South Burlington,VT MSA,220411,211261,4.33%,,"220,411","211,261","Burlington-South Burlington, VT MSA"
208,Chico,CA MSA,219186,220000,−0.37%,,"219,186","220,000","Chico, CA MSA"
209,Charlottesville,VA MSA,218615,201559,8.46%,,"218,615","201,559","Charlottesville, VA MSA"
210,Las Cruces,NM MSA,218195,209233,4.28%,,"218,195","209,233","Las Cruces, NM MSA"
211,Yuma,AZ MSA,213787,195751,9.21%,,"213,787","195,751","Yuma, AZ MSA"
212,Athens-Clarke County,GA MSA,213750,192541,11.02%,,"213,750","192,541","Athens-Clarke County, GA MSA"
213,Barnstable Town,MA MSA,212990,215888,−1.34%,,"212,990","215,888","Barnstable Town, MA MSA"
214,Lake Havasu City-Kingman,AZ MSA,212181,200186,5.99%,,"212,181","200,186","Lake Havasu City-Kingman, AZ MSA"
215,Lake Charles,LA MSA,210409,199607,5.41%,,"210,409","199,607","Lake Charles, LA MSA"
216,Columbia,MO MSA,208173,190387,9.34%,,"208,173","190,387","Columbia, MO MSA"
217,Houma-Thibodaux,LA MSA,208075,208178,−0.05%,,"208,075","208,178","Houma-Thibodaux, LA MSA"
218,Springfield,IL MSA,206868,210170,−1.57%,,"206,868","210,170","Springfield, IL MSA"
219,Elkhart-Goshen,IN MSA,206341,197559,4.45%,,"206,341","197,559","Elkhart-Goshen, IN MSA"
220,Florence,SC MSA,204911,205566,−0.32%,,"204,911","205,566","Florence, SC MSA"
221,Gainesville,GA MSA,204441,179684,13.78%,,"204,441","179,684","Gainesville, GA MSA"
222,Johnson City,TN MSA,203649,198716,2.48%,,"203,649","198,716","Johnson City, TN MSA"
223,St. Cloud,MN MSA,201964,189093,6.81%,,"201,964","189,093","St. Cloud, MN MSA"
224,Monroe,LA MSA,200261,204420,−2.03%,,"200,261","204,420","Monroe, LA MSA"
225,Jacksonville,NC MSA,197938,177772,11.34%,,"197,938","177,772","Jacksonville, NC MSA"
226,Bend,OR MSA,197692,157733,25.33%,,"197,692","157,733","Bend, OR MSA"
227,Racine,WI MSA,196311,195408,0.46%,,"196,311","195,408","Racine, WI MSA"
228,Saginaw,MI MSA,190539,200169,−4.81%,,"190,539","200,169","Saginaw, MI MSA"
229,Punta Gorda,FL MSA,188910,159978,18.08%,,"188,910","159,978","Punta Gorda, FL MSA"
230,Terre Haute,IN MSA,186367,189764,−1.79%,,"186,367","189,764","Terre Haute, IN MSA"
231,Warner Robins,GA MSA,185409,167595,10.63%,,"185,409","167,595","Warner Robins, GA MSA"
232,Midland,TX MSA,182603,141671,28.89%,,"182,603","141,671","Midland, TX MSA"
233,Billings,MT MSA,181667,167167,8.67%,,"181,667","167,167","Billings, MT MSA"
234,El Centro,CA MSA,181215,174528,3.83%,,"181,215","174,528","El Centro, CA MSA"
235,Dover,DE MSA,180786,162310,11.38%,,"180,786","162,310","Dover, DE MSA"
236,Greenville,NC MSA,180742,168148,7.49%,,"180,742","168,148","Greenville, NC MSA"
237,Redding,CA MSA,180080,177223,1.61%,,"180,080","177,223","Redding, CA MSA"
238,Joplin,MO MSA,179564,175518,2.31%,,"179,564","175,518","Joplin, MO MSA"
239,Bowling Green,KY MSA,179240,158599,13.01%,,"179,240","158,599","Bowling Green, KY MSA"
240,Jackson,TN MSA,178644,179694,−0.58%,,"178,644","179,694","Jackson, TN MSA"
241,Kingston,NY MSA,177573,182493,−2.70%,,"177,573","182,493","Kingston, NY MSA"
242,St. George,UT MSA,177556,138115,28.56%,,"177,556","138,115","St. George, UT MSA"
243,Yuba City,CA MSA,175639,166892,5.24%,,"175,639","166,892","Yuba City, CA MSA"
244,Panama City,FL MSA,174705,168852,3.47%,,"174,705","168,852","Panama City, FL MSA"
245,Muskegon,MI MSA,173566,172188,0.80%,,"173,566","172,188","Muskegon, MI MSA"
246,Iowa City,IA MSA,173105,152586,13.45%,,"173,105","152,586","Iowa City, IA MSA"
247,Abilene,TX MSA,172060,165252,4.12%,,"172,060","165,252","Abilene, TX MSA"
248,Oshkosh-Neenah,WI MSA,171907,166994,2.94%,,"171,907","166,994","Oshkosh-Neenah, WI MSA"
249,Bloomington,IL MSA,171517,169572,1.15%,,"171,517","169,572","Bloomington, IL MSA"
250,East Stroudsburg,PA MSA,170271,169842,0.25%,,"170,271","169,842","East Stroudsburg, PA MSA"
251,Burlington,NC MSA,169509,151131,12.16%,,"169,509","151,131","Burlington, NC MSA"
252,Eau Claire,WI MSA,169304,161151,5.06%,,"169,304","161,151","Eau Claire, WI MSA"
253,Bloomington,IN MSA,169230,159549,6.07%,,"169,230","159,549","Bloomington, IN MSA"
254,Hattiesburg,MS MSA,168849,162410,3.96%,,"168,849","162,410","Hattiesburg, MS MSA"
255,Waterloo-Cedar Falls,IA MSA,168522,167819,0.42%,,"168,522","167,819","Waterloo-Cedar Falls, IA MSA"
256,Pueblo,CO MSA,168424,159063,5.89%,,"168,424","159,063","Pueblo, CO MSA"
257,Blacksburg-Christiansburg,VA MSA,167531,162958,2.81%,,"167,531","162,958","Blacksburg-Christiansburg, VA MSA"
258,Kahului-Wailuku-Lahaina,HI MSA,167417,154834,8.13%,,"167,417","154,834","Kahului-Wailuku-Lahaina, HI MSA"
259,Odessa,TX MSA,166223,137130,21.22%,,"166,223","137,130","Odessa, TX MSA"
260,Coeur d'Alene,ID MSA,165697,138494,19.64%,,"165,697","138,494","Coeur d'Alene, ID MSA"
261,Auburn-Opelika,AL MSA,164542,140247,17.32%,,"164,542","140,247","Auburn-Opelika, AL MSA"
262,Janesville-Beloit,WI MSA,163354,160331,1.89%,,"163,354","160,331","Janesville-Beloit, WI MSA"
263,Wausau-Weston,WI MSA,163285,162806,0.29%,,"163,285","162,806","Wausau-Weston, WI MSA"
264,State College,PA MSA,162385,153990,5.45%,,"162,385","153,990","State College, PA MSA"
265,Sebastian-Vero Beach,FL MSA,159923,138028,15.86%,,"159,923","138,028","Sebastian-Vero Beach, FL MSA"
266,Jackson,MI MSA,158510,160248,−1.08%,,"158,510","160,248","Jackson, MI MSA"
267,Madera,CA MSA,157327,150865,4.28%,,"157,327","150,865","Madera, CA MSA"
268,Chambersburg-Waynesboro,PA MSA,155027,149618,3.62%,,"155,027","149,618","Chambersburg-Waynesboro, PA MSA"
269,Grand Junction,CO MSA,154210,146723,5.10%,,"154,210","146,723","Grand Junction, CO MSA"
270,Elizabethtown-Fort Knox,KY MSA,153928,148338,3.77%,,"153,928","148,338","Elizabethtown-Fort Knox, KY MSA"
271,Niles,MI MSA,153401,156813,−2.18%,,"153,401","156,813","Niles, MI MSA"
272,Hanford-Corcoran,CA MSA,152940,152982,−0.03%,,"152,940","152,982","Hanford-Corcoran, CA MSA"
273,Decatur,AL MSA,152603,153829,−0.80%,,"152,603","153,829","Decatur, AL MSA"
274,Bangor,ME MSA,152148,153923,−1.15%,,"152,148","153,923","Bangor, ME MSA"
275,Alexandria,LA MSA,152037,153922,−1.22%,,"152,037","153,922","Alexandria, LA MSA"
276,Idaho Falls,ID MSA,151530,133265,13.71%,,"151,530","133,265","Idaho Falls, ID MSA"
277,Wichita Falls,TX MSA,151254,151306,−0.03%,,"151,254","151,306","Wichita Falls, TX MSA"
278,Jefferson City,MO MSA,151235,149807,0.95%,,"151,235","149,807","Jefferson City, MO MSA"
279,Monroe,MI MSA,150500,152021,−1.00%,,"150,500","152,021","Monroe, MI MSA"
280,Santa Fe,NM MSA,150358,144170,4.29%,,"150,358","144,170","Santa Fe, NM MSA"
281,Homosassa Springs,FL MSA,149657,141236,5.96%,,"149,657","141,236","Homosassa Springs, FL MSA"
282,Vineland-Bridgeton,NJ MSA,149527,156898,−4.70%,,"149,527","156,898","Vineland-Bridgeton, NJ MSA"
283,Dothan,AL MSA,149358,145639,2.55%,,"149,358","145,639","Dothan, AL MSA"
284,Texarkana,TX-AR MSA,148761,149198,−0.29%,,"148,761","149,198","Texarkana, TX-AR MSA"
285,Florence-Muscle Shoals,AL MSA,147970,147137,0.57%,,"147,970","147,137","Florence-Muscle Shoals, AL MSA"
286,Valdosta,GA MSA,147292,139588,5.52%,,"147,292","139,588","Valdosta, GA MSA"
287,Albany,GA MSA,146726,153857,−4.63%,,"146,726","153,857","Albany, GA MSA"
288,Rocky Mount,NC MSA,145770,152392,−4.35%,,"145,770","152,392","Rocky Mount, NC MSA"
289,Dalton,GA MSA,144724,142227,1.76%,,"144,724","142,227","Dalton, GA MSA"
290,Sioux City,IA-NE-SD MSA,144701,143577,0.78%,,"144,701","143,577","Sioux City, IA-NE-SD MSA"
291,Flagstaff,AZ MSA,143476,134421,6.74%,,"143,476","134,421","Flagstaff, AZ MSA"
292,Morristown,TN MSA,142749,136608,4.50%,,"142,749","136,608","Morristown, TN MSA"
293,Logan,UT-ID MSA,142165,125442,13.33%,,"142,165","125,442","Logan, UT-ID MSA"
294,Rapid City,SD MSA,142107,126382,12.44%,,"142,107","126,382","Rapid City, SD MSA"
295,Lebanon,PA MSA,141793,133568,6.16%,,"141,793","133,568","Lebanon, PA MSA"
296,Winchester,VA-WV MSA,140566,128472,9.41%,,"140,566","128,472","Winchester, VA-WV MSA"
297,Sumter,SC MSA,140466,142427,−1.38%,,"140,466","142,427","Sumter, SC MSA"
298,Morgantown,WV MSA,139044,129709,7.20%,,"139,044","129,709","Morgantown, WV MSA"
299,Wheeling,WV-OH MSA,138948,147950,−6.08%,,"138,948","147,950","Wheeling, WV-OH MSA"
300,Napa,CA MSA,137744,136484,0.92%,,"137,744","136,484","Napa, CA MSA"
301,La Crosse-Onalaska,WI-MN MSA,136616,133665,2.21%,,"136,616","133,665","La Crosse-Onalaska, WI-MN MSA"
302,Sherman-Denison,TX MSA,136212,120877,12.69%,,"136,212","120,877","Sherman-Denison, TX MSA"
303,Carbondale-Marion,IL MSA,135764,139157,−2.44%,,"135,764","139,157","Carbondale-Marion, IL MSA"
304,Harrisonburg,VA MSA,134964,125228,7.77%,,"134,964","125,228","Harrisonburg, VA MSA"
305,Hammond,LA MSA,134758,121097,11.28%,,"134,758","121,097","Hammond, LA MSA"
306,Battle Creek,MI MSA,134159,136146,−1.46%,,"134,159","136,146","Battle Creek, MI MSA"
307,Springfield,OH MSA,134083,138333,−3.07%,,"134,083","138,333","Springfield, OH MSA"
308,Jonesboro,AR MSA,133860,121026,10.60%,,"133,860","121,026","Jonesboro, AR MSA"
309,The Villages,FL MSA,132420,93420,41.75%,,"132,420","93,420","The Villages, FL MSA"
310,Manhattan,KS MSA,130285,127081,2.52%,,"130,285","127,081","Manhattan, KS MSA"
311,Johnstown,PA MSA,130192,143679,−9.39%,,"130,192","143,679","Johnstown, PA MSA"
312,Albany-Lebanon,OR MSA,129749,116672,11.21%,,"129,749","116,672","Albany-Lebanon, OR MSA"
313,Mount Vernon-Anacortes,WA MSA,129205,116901,10.53%,,"129,205","116,901","Mount Vernon-Anacortes, WA MSA"
314,Bismarck,ND MSA,128949,110625,16.56%,,"128,949","110,625","Bismarck, ND MSA"
315,Lawton,OK MSA,126415,130291,−2.97%,,"126,415","130,291","Lawton, OK MSA"
316,Sierra Vista-Douglas,AZ MSA,125922,131346,−4.13%,,"125,922","131,346","Sierra Vista-Douglas, AZ MSA"
317,St. Joseph,MO-KS MSA,125223,127329,−1.65%,,"125,223","127,329","St. Joseph, MO-KS MSA"
318,Glens Falls,NY MSA,125148,128923,−2.93%,,"125,148","128,923","Glens Falls, NY MSA"
319,Pittsfield,MA MSA,124944,131219,−4.78%,,"124,944","131,219","Pittsfield, MA MSA"
320,Cleveland,TN MSA,124942,115788,7.91%,,"124,942","115,788","Cleveland, TN MSA"
321,New Bern,NC MSA,124284,126802,−1.99%,,"124,284","126,802","New Bern, NC MSA"
322,Farmington,NM MSA,123958,130044,−4.68%,,"123,958","130,044","Farmington, NM MSA"
323,Ames,IA MSA,123351,115848,6.48%,,"123,351","115,848","Ames, IA MSA"
324,Goldsboro,NC MSA,123131,122623,0.41%,,"123,131","122,623","Goldsboro, NC MSA"
325,Staunton,VA MSA,123120,118502,3.90%,,"123,120","118,502","Staunton, VA MSA"
326,Lawrence,KS MSA,122259,110826,10.32%,,"122,259","110,826","Lawrence, KS MSA"
327,San Angelo,TX MSA,122027,112966,8.02%,,"122,027","112,966","San Angelo, TX MSA"
328,Altoona,PA MSA,121829,127089,−4.14%,,"121,829","127,089","Altoona, PA MSA"
329,Mansfield,OH MSA,121154,124475,−2.67%,,"121,154","124,475","Mansfield, OH MSA"
330,Wenatchee,WA MSA,120629,110884,8.79%,,"120,629","110,884","Wenatchee, WA MSA"
331,Missoula,MT MSA,119600,109299,9.42%,,"119,600","109,299","Missoula, MT MSA"
332,Owensboro,KY MSA,119440,114752,4.09%,,"119,440","114,752","Owensboro, KY MSA"
333,Brunswick,GA MSA,118779,112370,5.70%,,"118,779","112,370","Brunswick, GA MSA"
334,Weirton-Steubenville,WV-OH MSA,116074,124454,−6.73%,,"116,074","124,454","Weirton-Steubenville, WV-OH MSA"
335,Beckley,WV MSA,115767,124898,−7.31%,,"115,767","124,898","Beckley, WV MSA"
336,Sheboygan,WI MSA,115340,115507,−0.14%,,"115,340","115,507","Sheboygan, WI MSA"
337,Muncie,IN MSA,114135,117671,−3.00%,,"114,135","117,671","Muncie, IN MSA"
338,Anniston-Oxford,AL MSA,113605,118572,−4.19%,,"113,605","118,572","Anniston-Oxford, AL MSA"
339,California-Lexington Park,MD MSA,113510,105151,7.95%,,"113,510","105,151","California-Lexington Park, MD MSA"
340,Williamsport,PA MSA,113299,116111,−2.42%,,"113,299","116,111","Williamsport, PA MSA"
341,Twin Falls,ID MSA,111290,99604,11.73%,,"111,290","99,604","Twin Falls, ID MSA"
342,Longview,WA MSA,110593,102410,7.99%,,"110,593","102,410","Longview, WA MSA"
343,Michigan City-La Porte,IN MSA,109888,111467,−1.42%,,"109,888","111,467","Michigan City-La Porte, IN MSA"
344,Kankakee,IL MSA,109862,113449,−3.16%,,"109,862","113,449","Kankakee, IL MSA"
345,Watertown-Fort Drum,NY MSA,109834,116229,−5.50%,,"109,834","116,229","Watertown-Fort Drum, NY MSA"
346,Lewiston-Auburn,ME MSA,108277,107702,0.53%,,"108,277","107,702","Lewiston-Auburn, ME MSA"
347,Sebring-Avon Park,FL MSA,106221,98786,7.53%,,"106,221","98,786","Sebring-Avon Park, FL MSA"
348,Decatur,IL MSA,104009,110768,−6.10%,,"104,009","110,768","Decatur, IL MSA"
349,Fond du Lac,WI MSA,103403,101633,1.74%,,"103,403","101,633","Fond du Lac, WI MSA"
350,Bay City,MI MSA,103126,107771,−4.31%,,"103,126","107,771","Bay City, MI MSA"
351,Gettysburg,PA MSA,103009,101407,1.58%,,"103,009","101,407","Gettysburg, PA MSA"
352,Lima,OH MSA,102351,106331,−3.74%,,"102,351","106,331","Lima, OH MSA"
353,Gadsden,AL MSA,102268,104430,−2.07%,,"102,268","104,430","Gadsden, AL MSA"
354,Ithaca,NY MSA,102180,101564,0.61%,,"102,180","101,564","Ithaca, NY MSA"
355,Mankato,MN MSA,101927,96740,5.36%,,"101,927","96,740","Mankato, MN MSA"
356,Grand Forks,ND-MN MSA,100815,98461,2.39%,,"100,815","98,461","Grand Forks, ND-MN MSA"
,,,,,,,,,
,,,,,,,,,
,,,,,,,,,
,,,,,,,,,
,,,,,,,,,
,,,,,,,,,
,,,,,,,,,
,,,,,,,,,
,,,,,,,,,
,,,,,,,,,
,,,,,,,,,
,,,,,,,,,
,,,,,,,,,
,,,,,,,,,
,,,,,,,,,
,,,,,,,,,
,,,,,,,,,
,,,,,,,,,
,,,,,,,,,
,,,,,,,,,
,,,,,,,,,
,,,,,,,,,
,,,,,,,,,
,,,,,,,,,
,,,,,,,,,
,,,,,,,,,
,,,,,,,,,
,,,,,,,,,
,,,,,,,,,
,,,,,,,,,
,,,,,,,,,
,,,,,,,,,
,,,,,,,,,
,,,,,,,,,
,,,,,,,,,
,,,,,,,,,
,,,,,,,,,
,,,,,,,,,
,,,,,,,,,
,,,,,,,,,
,,,,,,,,,
,,,,,,,,,
,,,,,,,,,
,,,,,,,,,
,,,,,,,,,
,,,,,,,,,
,,,,,,,,,
,,,,,,,,,
,,,,,,,,,
,,,,,,,,,
,,,,,,,,,
,,,,,,,,,
,,,,,,,,,
,,,,,,,,,
,,,,,,,,,
,,,,,,,,,
,,,,,,,,,
,,,,,,,,,
,,,,,,,,,
,,,,,,,,,
,,,,,,,,,
,,,,,,,,,
,,,,,,,,,
,,,,,,,,,
,,,,,,,,,
,,,,,,,,,
,,,,,,,,,